Date,Day,Shift ,Paper Name,Paper Code
5-Dec-25,Fri,Shift-I (10:00 AM To 01:00 PM),Civil Procedure Code And Limitation Act,K-5001
5-Dec-25,Fri,Shift-II (02:00 PM To 05:00 PM),Constitutionalism And Constitutional Development in India and England,L-3001
5-Dec-25,Fri,Shift-II (02:00 PM To 05:00 PM),Contract-1 (General Principles of Contract),L-3005
5-Dec-25,Fri,Shift-II (02:00 PM To 05:00 PM),History and Basic Principles of Criminal Law,L-3009
6-Dec-25,Sat,Shift-I (10:00 AM To 01:00 PM),Family Law II (Muslim Law),K-3001
8-Dec-25,Mon,Shift-I (10:00 AM To 01:00 PM),Law of Crime -II (Bharatiya Nyaya sanhita) 2023(BNS) (Start w.e.f. 2024-25),K-5006
8-Dec-25,Mon,Shift-II (02:00 PM To 05:00 PM),"Comparative And Cooperative Federalism(India, America And Australia)",L-3002
8-Dec-25,Mon,Shift-II (02:00 PM To 05:00 PM),"Contract II (Specific Contract, Sales of Goods And Law of Partnership)",L-3006
8-Dec-25,Mon,Shift-II (02:00 PM To 05:00 PM),Penology And Treatment of Offenders Act.,L-3010
9-Dec-25,Tue,Shift-I (10:00 AM To 01:00 PM),Law of Crimes-II (Code of Criminal Procedure,K-5002
10-Dec-25,Wed,Shift-I (10:00 AM To 01:00 PM),Public International Law,K-3002
10-Dec-25,Wed,Shift-II (02:00 PM To 05:00 PM),"Select constitutions (India, USA and U.K.) Civil And Political Rights: Comparative Study of",L-3003
10-Dec-25,Wed,Shift-II (02:00 PM To 05:00 PM),Company Law,L-3007
10-Dec-25,Wed,Shift-II (02:00 PM To 05:00 PM),Criminology and Privileged Class Deviance,L-3011
11-Dec-25,Thu,Shift-I (10:00 AM To 01:00 PM),Law of Evidence (Bharatiya Sakshya Adhiniyam) 2023(BSA) (Start w.e.f. 2024-25),K-5007
11-Dec-25,Thu,Shift-I (10:00 AM To 01:00 PM),Law of Evidence,K-5003
12-Dec-25,Fri,Shift-I (10:00 AM To 01:00 PM),Administrative Law,K-3003
13-Dec-25,Sat,Shift-I (10:00 AM To 01:00 PM),Land Laws(UP) Revenue Code2006,K-5004
13-Dec-25,Sat,Shift-II (02:00 PM To 05:00 PM),Local Self Government Law,L-3004
13-Dec-25,Sat,Shift-II (02:00 PM To 05:00 PM),Banking Law,L-3008
13-Dec-25,Sat,Shift-II (02:00 PM To 05:00 PM),General Principles of Tort,L-3012
15-Dec-25,Mon,Shift-I (10:00 AM To 01:00 PM),Law of Property And Easement,K-3004
17-Dec-25,Wed,Shift-I (10:00 AM To 01:00 PM),Drafting of Pleading and Conveyancing,K-5005
18-Dec-25,Thu,Shift-I (10:00 AM To 01:00 PM),"Professional Ethics, Accountability of Lawyers and Bar Bench Relation",K-3005
,,,,
,,,,
26-Nov-25,Wed,Shift-I (10:00 AM To 01:00 PM),Crop Production Technology-I (Kharifcrops),AG-301
27-Nov-25,Thu,Shift-I (10:00 AM To 01:00 PM),Rainfed & Dry land Agriculture,AG-501
28-Nov-25,Fri,Shift-I (10:00 AM To 01:00 PM),Fundamentals of Plant Breeding,AG-303
29-Nov-25,Sat,Shift-I (10:00 AM To 01:00 PM),Crop Improvement- (KharifCrops),AG-502
1-Dec-25,Mon,Shift-I (10:00 AM To 01:00 PM),Agricultural Microbiology,AG-304
2-Dec-25,Tue,Shift-I (10:00 AM To 01:00 PM),Pests of Crops and Store Grain & their Management,AG-503
3-Dec-25,Wed,Shift-I (10:00 AM To 01:00 PM),Agriculture Finance & Co operation,AG-305
4-Dec-25,Thu,Shift-I (10:00 AM To 01:00 PM),"Agriculture Marketing, Trade & Prices",AG-504
5-Dec-25,Fri,Shift-I (10:00 AM To 01:00 PM),Farm Machinery & Power,AG-306
6-Dec-25,Sat,Shift-I (10:00 AM To 01:00 PM),Protected Structure & Secondary Agriculture,AG-505
8-Dec-25,Mon,Shift-I (10:00 AM To 01:00 PM),Principles of Integrated Disease Management,AG-307
9-Dec-25,Tue,Shift-I (10:00 AM To 01:00 PM),Diseasesof Field & Horticultural Crops and their Management-,AG-506
10-Dec-25,Wed,Shift-I (10:00 AM To 01:00 PM),Environmental Studies & Disaster Management,AG-308
11-Dec-25,Thu,Shift-I (10:00 AM To 01:00 PM),Production Technology of Fruits & Plantation Crops,AG-507
12-Dec-25,Fri,Shift-I (10:00 AM To 01:00 PM),Statistical Methods,AG-309
13-Dec-25,Sat,Shift-I (10:00 AM To 01:00 PM),Communication Skills and Personality Development,AG-508
15-Dec-25,Mon,Shift-I (10:00 AM To 01:00 PM),Fundamental of Soil & Water Conservation,AG-310
16-Dec-25,Tue,Shift-I (10:00 AM To 01:00 PM),Intellectual Property Rights (IPR),AG-509
17-Dec-25,Wed,Shift-I (10:00 AM To 01:00 PM),Principles of Food Science & Nutrition,AG-510
17-Dec-25,Wed,Shift-I (10:00 AM To 01:00 PM),Dairy Science,AG-311
18-Dec-25,Thu,Shift-I (10:00 AM To 01:00 PM),Geo-Informatics & Nanotechnology,AG-511
19-Dec-25,Fri,Shift-I (10:00 AM To 01:00 PM),Fundamentals of Entomology-li,AG-312
20-Dec-25,Sat,Shift-I (10:00 AM To 01:00 PM),Agri-business Management,AGE-51
20-Dec-25,Sat,Shift-I (10:00 AM To 01:00 PM),Agrochemicals,AGE-52
20-Dec-25,Sat,Shift-I (10:00 AM To 01:00 PM),Commercial Plant Breeding,AGE-53
20-Dec-25,Sat,Shift-I (10:00 AM To 01:00 PM),Landscaping,AGE-54
20-Dec-25,Sat,Shift-I (10:00 AM To 01:00 PM),Food Safety & Standards,AGE-55
20-Dec-25,Sat,Shift-I (10:00 AM To 01:00 PM),Bio-pesticides& Bio-fertilizers,AGE-56
,,,,
,,,,
26-Nov-25,Wed,Shift-I (10:00 AM To 01:00 PM),English Prose and Writing Skills,A040101T
26-Nov-25,Wed,Shift-I (10:00 AM To 01:00 PM),Vedic Vadhya Avm Bhartiya Darshan,A020501T
26-Nov-25,Wed,Shift-II (02:00 PM To 05:00 PM),Business Organisation,C010101T
26-Nov-25,Wed,Shift-II (02:00 PM To 05:00 PM),Mathematical Physics & Newtonian Mechanics,B010101T
26-Nov-25,Wed,Shift-II (02:00 PM To 05:00 PM),Microbiology & Plant Pathology,B040101T
27-Nov-25,Thu,Shift-I (10:00 AM To 01:00 PM),British and American Drama,A040301T
27-Nov-25,Thu,Shift-II (02:00 PM To 05:00 PM),Electromagnetic Theory & Modern Optics,B010301T
27-Nov-25,Thu,Shift-II (02:00 PM To 05:00 PM),Company Law,C010301T
27-Nov-25,Thu,Shift-II (02:00 PM To 05:00 PM),Flowering Plans Identification & Aesthetic Characteristics,B040301T
27-Nov-25,Thu,Shift-II (02:00 PM To 05:00 PM),Vyakaran Avm Bhasha Vigyan,A020502T
28-Nov-25,Fri,Shift-I (10:00 AM To 01:00 PM),Ancient and Early Medival India (Till 1206 A.D.),A050101T
28-Nov-25,Fri,Shift-I (10:00 AM To 01:00 PM),"Theoretical and Analytical study of Ragas, Talas & Applied theory of Indian Classical Music",A300501T
28-Nov-25,Fri,Shift-I (10:00 AM To 01:00 PM),Aesthetical aspects of Tabla,A310501T
28-Nov-25,Fri,Shift-I (10:00 AM To 01:00 PM),Study of Western Music and Style of,A320501T
28-Nov-25,Fri,Shift-I (10:00 AM To 01:00 PM),Indian Defence Mechanism,A120501T
28-Nov-25,Fri,Shift-II (02:00 PM To 05:00 PM),Corporate Accounting,C010501T
28-Nov-25,Fri,Shift-II (02:00 PM To 05:00 PM),Differential Calculus & Integral Calculus,B030101T
28-Nov-25,Fri,Shift-II (02:00 PM To 05:00 PM),"Cytology, Genetics and Infectious Diseases",B050101T
28-Nov-25,Fri,Shift-II (02:00 PM To 05:00 PM),"Basic Nutrition, Sanitation & Hygiene",B058101T
28-Nov-25,Fri,Shift-II (02:00 PM To 05:00 PM),Quantum Mechanics & Spectroscopy,B010502T
28-Nov-25,Fri,Shift-II (02:00 PM To 05:00 PM),Molecular Biology & Bioinformatics,B040502T
29-Nov-25,Sat,Shift-I (10:00 AM To 01:00 PM),History of Modern India (1757A.D.- 1950A.D.),A050301T
29-Nov-25,Sat,Shift-II (02:00 PM To 05:00 PM),Business Statistics,C010102T
19-Dec-25,Fri,Shift-II (02:00 PM To 05:00 PM),Algebra & Mathematical Methods,B030301T
29-Nov-25,Sat,Shift-II (02:00 PM To 05:00 PM),"Molecular Biology, Bioinstrumentation & Bio techniques",B050301T
29-Nov-25,Sat,Shift-II (02:00 PM To 05:00 PM),Food Process Technology & Food Microbiology,B058301T
29-Nov-25,Sat,Shift-II (02:00 PM To 05:00 PM),National Security of India,A120502T
1-Dec-25,Mon,Shift-I (10:00 AM To 01:00 PM),Indian National Movement & Constitution of India,A060101T
1-Dec-25,Mon,Shift-I (10:00 AM To 01:00 PM),Educational Assessment,E010501T
1-Dec-25,Mon,Shift-I (10:00 AM To 01:00 PM),Life Span Human Development,A090501T
1-Dec-25,Mon,Shift-II (02:00 PM To 05:00 PM),Cost Accounting,C010302T
1-Dec-25,Mon,Shift-II (02:00 PM To 05:00 PM),Fundamentals of Chemistry,B020101T
1-Dec-25,Mon,Shift-II (02:00 PM To 05:00 PM),Group and Ring The ory & Linear Algebra,B030501T
1-Dec-25,Mon,Shift-II (02:00 PM To 05:00 PM),"Diversity of Non-Chordates, Parasitology and Economic Zoology",B050501T
1-Dec-25,Mon,Shift-II (02:00 PM To 05:00 PM),Food Analysis,B058501T
2-Dec-25,Tue,Shift-I (10:00 AM To 01:00 PM),Political Process in India,A060301T
2-Dec-25,Tue,Shift-II (02:00 PM To 05:00 PM),Goods and Service Tax,C010502T
2-Dec-25,Tue,Shift-II (02:00 PM To 05:00 PM),Chemical Dynamics & Coordination Chemistry,B020301T
2-Dec-25,Tue,Shift-II (02:00 PM To 05:00 PM),Positive Psychology,A090502T
3-Dec-25,Wed,Shift-I (10:00 AM To 01:00 PM),Hindi Kavya,A010101T
3-Dec-25,Wed,Shift-I (10:00 AM To 01:00 PM),Library Classification,A180501T
3-Dec-25,Wed,Shift-I (10:00 AM To 01:00 PM),Urdu Ghazal Aur Nazm,A030501T
3-Dec-25,Wed,Shift-II (02:00 PM To 05:00 PM),Educational Statistics,E010502T
3-Dec-25,Wed,Shift-II (02:00 PM To 05:00 PM),Business Communication,C010103T
3-Dec-25,Wed,Shift-II (02:00 PM To 05:00 PM),Fundamentals of Industrial Chemistry,B190101T
3-Dec-25,Wed,Shift-II (02:00 PM To 05:00 PM),Problem Solving using Computer,B070101T
3-Dec-25,Wed,Shift-II (02:00 PM To 05:00 PM),Diversity of Chordates and Comparative Anatomy,B050502T
3-Dec-25,Wed,Shift-II (02:00 PM To 05:00 PM),Food Manufacturing & Packaging,B058502T
4-Dec-25,Thu,Shift-I (10:00 AM To 01:00 PM),Hindi Gadhya,A010301T
4-Dec-25,Thu,Shift-II (02:00 PM To 05:00 PM),Business Regulatory Framework,C010303T
4-Dec-25,Thu,Shift-II (02:00 PM To 05:00 PM),Process Instrumentation and Industrial Chemical Analysis,B190301T
4-Dec-25,Thu,Shift-II (02:00 PM To 05:00 PM),Operating Systems,B070301T
4-Dec-25,Thu,Shift-II (02:00 PM To 05:00 PM),"Qasida, Masnavi Aur Marsia",A030502T
4-Dec-25,Thu,Shift-II (02:00 PM To 05:00 PM),Library Cataloguing,A180503T
5-Dec-25,Fri,Shift-I (10:00 AM To 01:00 PM),Introduction to Basic Concepts of Sociology,A070101T
5-Dec-25,Fri,Shift-I (10:00 AM To 01:00 PM),Concepts of Rural Sociology,A070102T
5-Dec-25,Fri,Shift-I (10:00 AM To 01:00 PM),Basic Concepts in Sociology,A070104T
5-Dec-25,Fri,Shift-I (10:00 AM To 01:00 PM),Athletic Injuries and Physiotherapy,E020501T
5-Dec-25,Fri,Shift-I (10:00 AM To 01:00 PM),Problems of Philosophy (Indian and Western),A100501T
5-Dec-25,Fri,Shift-II (02:00 PM To 05:00 PM),Business Finance,C010503T
5-Dec-25,Fri,Shift-II (02:00 PM To 05:00 PM),General Microbiology,B080101T
5-Dec-25,Fri,Shift-II (02:00 PM To 05:00 PM),Fundamentals of Industrial Microbiology,B017101T
5-Dec-25,Fri,Shift-II (02:00 PM To 05:00 PM),Descriptive Statistics (Univariate) and Theory of Probability,B060101T
5-Dec-25,Fri,Shift-II (02:00 PM To 05:00 PM),Organic Synthesis-A,B020501T
6-Dec-25,Sat,Shift-I (10:00 AM To 01:00 PM),Social Change & Social Movements,A070301T
6-Dec-25,Sat,Shift-I (10:00 AM To 01:00 PM),Population and Society,A070302T
6-Dec-25,Sat,Shift-I (10:00 AM To 01:00 PM),Tribes in India,A070304T
6-Dec-25,Sat,Shift-II (02:00 PM To 05:00 PM),Introduction to Computer Application,C010104T
6-Dec-25,Sat,Shift-II (02:00 PM To 05:00 PM),Basic Bio Chemistry and Microbial Physiology,B080301T
6-Dec-25,Sat,Shift-II (02:00 PM To 05:00 PM),Fermentation Technology,B017301T
6-Dec-25,Sat,Shift-II (02:00 PM To 05:00 PM),Theory of Estimation and Sampling Survey,B060301T
8-Dec-25,Mon,Shift-I (10:00 AM To 01:00 PM),Principle of Micro Economics,A080101T
8-Dec-25,Mon,Shift-I (10:00 AM To 01:00 PM),"History of Indian Art-Rajsthani, Mughal & PahariStyle",A210501T
8-Dec-25,Mon,Shift-I (10:00 AM To 01:00 PM),Applied Philosophy,A100502T
8-Dec-25,Mon,Shift-I (10:00 AM To 01:00 PM),Kinesiology and Biomechanics in Sports,E020502T
8-Dec-25,Mon,Shift-II (02:00 PM To 05:00 PM),Inventory Management,C010304T
8-Dec-25,Mon,Shift-II (02:00 PM To 05:00 PM),Rearrangements and Chemistry of Group Elements,B020502T
9-Dec-25,Tue,Shift-I (10:00 AM To 01:00 PM),History of Economic Thought,A080301T
9-Dec-25,Tue,Shift-II (02:00 PM To 05:00 PM),Principles and Practices of Insurance,C010504T
9-Dec-25,Tue,Shift-II (02:00 PM To 05:00 PM),Classical & Statistical Mechanics,B010501T
9-Dec-25,Tue,Shift-II (02:00 PM To 05:00 PM),"Plant Physiology, Metabolism & Bio Chemistry",B040501T
9-Dec-25,Tue,Shift-II (02:00 PM To 05:00 PM),History of Indian art- Development of Modern Art,A210502T
10-Dec-25,Wed,Shift-I (10:00 AM To 01:00 PM),Physical Geogrphy,A110101T
10-Dec-25,Wed,Shift-I (10:00 AM To 01:00 PM),Surface Ornamentation of Fabrics,A130501T
10-Dec-25,Wed,Shift-II (02:00 PM To 05:00 PM),Industrial Chemicals,B190501T
10-Dec-25,Wed,Shift-II (02:00 PM To 05:00 PM),Analysis of Algorithms and Data Structures,B070501T
11-Dec-25,Thu,Shift-I (10:00 AM To 01:00 PM),"Environment, Disaster Management and Climate Change",A110301T
11-Dec-25,Thu,Shift-I (10:00 AM To 01:00 PM),"Theoretical and Analytical study of Ragas, Talas & Descriptive theory of Indian Classical Music",A300301T
11-Dec-25,Thu,Shift-I (10:00 AM To 01:00 PM),History of Tabla,A310301T
11-Dec-25,Thu,Shift-I (10:00 AM To 01:00 PM),"Contribution of Ancient, Medieval and Modern Scholars to Indian Music",A320301T
11-Dec-25,Thu,Shift-II (02:00 PM To 05:00 PM),Monetary Theory and Banking in India,C010505T
11-Dec-25,Thu,Shift-II (02:00 PM To 05:00 PM),Number Theory & Game Theory,B030502T
11-Dec-25,Thu,Shift-II (02:00 PM To 05:00 PM),Graph Theory & Discrete,B030503T
11-Dec-25,Thu,Shift-II (02:00 PM To 05:00 PM),Differential Geometry and Tensor Analysis,B030504T
11-Dec-25,Thu,Shift-II (02:00 PM To 05:00 PM),Community Development & Programme Planning,A130502T
12-Dec-25,Fri,Shift-I (10:00 AM To 01:00 PM),Elements of Physical Education,E020101T
2-Jan-26,Fri,Shift-I (10:00 AM To 01:00 PM),Social Change & Social Movements in India,A070505T
2-Jan-26,Fri,Shift-I (10:00 AM To 01:00 PM),Research Methodology in Social Sciences,A070502T
12-Dec-25,Fri,Shift-I (10:00 AM To 01:00 PM),Rural Sociology,A070504T
12-Dec-25,Fri,Shift-II (02:00 PM To 05:00 PM),"Pollution, its Management and Industrial Economics",B190502T
12-Dec-25,Fri,Shift-II (02:00 PM To 05:00 PM),Soft Computing,B070502T
13-Dec-25,Sat,Shift-I (10:00 AM To 01:00 PM),Anatomy & exercise Physiology,E020301T
13-Dec-25,Sat,Shift-II (02:00 PM To 05:00 PM),Comparative Government and Politics,A060501T
15-Dec-25,Mon,Shift-I (10:00 AM To 01:00 PM),Food Nutrition and Hygiene,Z010101
15-Dec-25,Mon,Shift-II (02:00 PM To 05:00 PM),Analytic Ability and Digital Awareness,Z050501
16-Dec-25,Tue,Shift-I (10:00 AM To 01:00 PM),Human Values and Environment Studies,Z030301
17-Dec-25,Wed,Shift-I (10:00 AM To 01:00 PM),Kuru Kingdom Through The Ages (3000 BC-2000BC),Q10001
17-Dec-25,Wed,Shift-I (10:00 AM To 01:00 PM),Applied Ethics,Q10003
17-Dec-25,Wed,Shift-I (10:00 AM To 01:00 PM),Basic Economics,Q10004
17-Dec-25,Wed,Shift-I (10:00 AM To 01:00 PM),Health Personal & Environmental,Q10005
17-Dec-25,Wed,Shift-I (10:00 AM To 01:00 PM),Disaster Management System in India,Q10006
17-Dec-25,Wed,Shift-I (10:00 AM To 01:00 PM),Earths Atmosphere and Climate Change,Q10007
17-Dec-25,Wed,Shift-I (10:00 AM To 01:00 PM),Environment and Public Health Challenges,Q10008
17-Dec-25,Wed,Shift-I (10:00 AM To 01:00 PM),Public Health and Hygiene,Q10010
17-Dec-25,Wed,Shift-I (10:00 AM To 01:00 PM),Promoting Personal Growth and Relationship Through Psychology,Q10030
17-Dec-25,Wed,Shift-I (10:00 AM To 01:00 PM),"Road Safety: Laws, Policies & Practices",Q10018
17-Dec-25,Wed,Shift-I (10:00 AM To 01:00 PM),Business Communication,Q10037
17-Dec-25,Wed,Shift-I (10:00 AM To 01:00 PM),Sanskrit Sahitya Mein Rashtra Chintan,Q10038
17-Dec-25,Wed,Shift-I (10:00 AM To 01:00 PM),Quantitative Mathematics,Q10039
17-Dec-25,Wed,Shift-I (10:00 AM To 01:00 PM),Maternal and Child Nutrition,Q10040
18-Dec-25,Thu,Shift-I (10:00 AM To 01:00 PM),Yoga for All,Q10032
18-Dec-25,Thu,Shift-I (10:00 AM To 01:00 PM),Psychology of Everyday Life,Q10034
18-Dec-25,Thu,Shift-I (10:00 AM To 01:00 PM),Renewable Energy Sources,Q10035
18-Dec-25,Thu,Shift-I (10:00 AM To 01:00 PM),Scientific Progress and Environmental Awareness in India,Q10036
18-Dec-25,Thu,Shift-I (10:00 AM To 01:00 PM),An Introduction to Indian Jurists,Q10020
18-Dec-25,Thu,Shift-I (10:00 AM To 01:00 PM),Applied Yoga,Q10012
18-Dec-25,Thu,Shift-I (10:00 AM To 01:00 PM),Fundamentals of Indian Economy,Q10033
18-Dec-25,Thu,Shift-I (10:00 AM To 01:00 PM),Food and Food Sources,Q10029
18-Dec-25,Thu,Shift-I (10:00 AM To 01:00 PM),Business Regulatory Frame work,Q30001
18-Dec-25,Thu,Shift-I (10:00 AM To 01:00 PM),Inventory Management,Q30002
18-Dec-25,Thu,Shift-I (10:00 AM To 01:00 PM),Bhartiya Gaurav Evam Arthkavya,Q30003
18-Dec-25,Thu,Shift-I (10:00 AM To 01:00 PM),Optimization Technique,Q30004
19-Dec-25,Fri,Shift-I (10:00 AM To 01:00 PM),Sanskrit-Padya Sahitya Avm Vyakaran,A020101T
19-Dec-25,Fri,Shift-I (10:00 AM To 01:00 PM),Classical Literature & History of English Literature,A040501T
19-Dec-25,Fri,Shift-II (02:00 PM To 05:00 PM),Medical Microbiology,B080501T
19-Dec-25,Fri,Shift-II (02:00 PM To 05:00 PM),Industrial Food Microbiology,B017501T
19-Dec-25,Fri,Shift-II (02:00 PM To 05:00 PM),Multivariate Analysis and Non-parametric Methods,B060501T
20-Dec-25,Sat,Shift-I (10:00 AM To 01:00 PM),Sanskrit-Natak Avm Vyakaran,A020301T
20-Dec-25,Sat,Shift-II (02:00 PM To 05:00 PM),Fiction,A040502?
22-Dec-25,Mon,Shift-I (10:00 AM To 01:00 PM),Conceptual Frame work of Education,E010101T
22-Dec-25,Mon,Shift-II (02:00 PM To 05:00 PM),Immunology,B080502T
22-Dec-25,Mon,Shift-II (02:00 PM To 05:00 PM),Immunology & Medical Microbiology,B017502T
22-Dec-25,Mon,Shift-II (02:00 PM To 05:00 PM),Analysis of Variance and Design of Experiment,B060502T
24-Dec-25,Wed,Shift-I (10:00 AM To 01:00 PM),Philosophical-Sociological-Political- Economic Perspectives of Education,E010301T
24-Dec-25,Wed,Shift-II (02:00 PM To 05:00 PM),Principles of Public Administration,A060502T
26-Dec-25,Fri,Shift-I (10:00 AM To 01:00 PM),Ethics(Indian and Western),A100301T
26-Dec-25,Fri,Shift-I (10:00 AM To 01:00 PM),Fundamentals of Librarianship,A180101T
26-Dec-25,Fri,Shift-II (02:00 PM To 05:00 PM),Sahitya shastra and Hind iAalochana,A010501T
27-Dec-25,Sat,Shift-I (10:00 AM To 01:00 PM),Library Management,A180301T
27-Dec-25,Sat,Shift-I (10:00 AM To 01:00 PM),Sahafat Aur Tarjuma Nigari Ka Fun Aur Riwayat,A030301T
27-Dec-25,Sat,Shift-II (02:00 PM To 05:00 PM),Hindi Ka Rastriya Ka Vya,A010502T
29-Dec-25,Mon,Shift-I (10:00 AM To 01:00 PM),History of Art: Pre Historic to Rashtrakuta,A210101T
29-Dec-25,Mon,Shift-I (10:00 AM To 01:00 PM),Economic Growth and Development,A080501T
30-Dec-25,Tue,Shift-I (10:00 AM To 01:00 PM),History of Indian Art-Palato Pandya & Nayaka Period,A210301T
30-Dec-25,Tue,Shift-II (02:00 PM To 05:00 PM),Environmental Economics,A080502T
30-Dec-25,Tue,Shift-II (02:00 PM To 05:00 PM),International Economics,A080503T
31-Dec-25,Wed,Shift-I (10:00 AM To 01:00 PM),Fundamentals of Nutrition and Human Development,A130101T
31-Dec-25,Wed,Shift-I (10:00 AM To 01:00 PM),Regional Geography,A110501T
1-Jan-26,Thu,Shift-I (10:00 AM To 01:00 PM),Advance Nutrition and Human Development,A130301T
1-Jan-26,Thu,Shift-II (02:00 PM To 05:00 PM),Basics of Remote Sensing and GIS,A110502T
1-Jan-26,Thu,Shift-II (02:00 PM To 05:00 PM),Basic Psychological Processes,A090101T
2-Jan-26,Fri,Shift-I (10:00 AM To 01:00 PM),Indian Philosophy,A100101T
12-Dec-25,Fri,Shift-I (10:00 AM To 01:00 PM),Classical Sociological Thought,A070501T
2-Jan-26,Fri,Shift-I (10:00 AM To 01:00 PM),Conceptual Aspect of war,A120101T
2-Jan-26,Fri,Shift-I (10:00 AM To 01:00 PM),Basic Fundamental of Tabla,A310101T
2-Jan-26,Fri,Shift-I (10:00 AM To 01:00 PM),Introduction to Indian Music,A320101T
2-Jan-26,Fri,Shift-I (10:00 AM To 01:00 PM),"Theoretical and Analytical study of Ragas, Talas and general theory of",A300101T
2-Jan-26,Fri,Shift-II (02:00 PM To 05:00 PM),Psychology of Social Behavior,A090301T
5-Jan-26,Mon,Shift-II (02:00 PM To 05:00 PM),Nationalism in India,A050501T
6-Jan-26,Tue,Shift-II (02:00 PM To 05:00 PM),National Security-Conceptual Aspects,A120301T
7-Jan-26,Wed,Shift-I (10:00 AM To 01:00 PM),Urdu Zaban-o-Adab aur Qwaid-o Insha,A030101T
7-Jan-26,Wed,Shift-II (02:00 PM To 05:00 PM),History of Modern Europe (1815A.D.-1870A.D.),A050502T
7-Jan-26,Wed,Shift-II (02:00 PM To 05:00 PM),Socio-Cultural and Economic History of Medieval India (1200A.D.-1700A.D.),A050503T
7-Jan-26,Wed,Shift-II (02:00 PM To 05:00 PM),Ethicsin History,A050504T
,,,,
,,,,
1-Dec-25,Mon,Shift-I (10:00 AM to 01:00 PM),Adhunik Kavya (Chhayvad Paryant),A010901T
1-Dec-25,Mon,Shift-I (10:00 AM to 01:00 PM),Bhartiya Darsan (Vedant Mimansaevam Yog),A020901T
1-Dec-25,Mon,Shift-I (10:00 AM to 01:00 PM),Urdu Nazam,A030901T
1-Dec-25,Mon,Shift-I (10:00 AM to 01:00 PM),Victorian Fiction and Prose,A040907T
1-Dec-25,Mon,Shift-I (10:00 AM to 01:00 PM),Victorian Fiction and Prose (BP),A040901T
1-Dec-25,Mon,Shift-I (10:00 AM to 01:00 PM),History of South India (From Sangam Age to Vijay Nagar Empire),A050901T
1-Dec-25,Mon,Shift-I (10:00 AM to 01:00 PM),Bhakti Movement in India,A050902T
1-Dec-25,Mon,Shift-I (10:00 AM to 01:00 PM),History of Ancient Indian Numismatics,A05A0901T
1-Dec-25,Mon,Shift-I (10:00 AM to 01:00 PM),History of Ancient Indian Numismatics,A15A901T
1-Dec-25,Mon,Shift-I (10:00 AM to 01:00 PM),Western Political Thought,A060901T
1-Dec-25,Mon,Shift-I (10:00 AM to 01:00 PM),Modern Sociological Theories,A070908T
1-Dec-25,Mon,Shift-I (10:00 AM to 01:00 PM),Public Finance,A080901T
1-Dec-25,Mon,Shift-I (10:00 AM to 01:00 PM),Geographical Thoughts,A110901T
1-Dec-25,Mon,Shift-I (10:00 AM to 01:00 PM),Rural Urban Community Development,A160901T
1-Dec-25,Mon,Shift-I (10:00 AM to 01:00 PM),Western Administrative Thinkers,A270901T
1-Dec-25,Mon,Shift-II (02:00 PM to 05:00 PM),Advance Quantitive Methods,A090901T
1-Dec-25,Mon,Shift-I (10:00 AM to 01:00 PM),National Security-1,A120901T
1-Dec-25,Mon,Shift-II (02:00 PM to 05:00 PM),Measurement & Evaluation in Education,E010901T
1-Dec-25,Mon,Shift-I (10:00 AM to 01:00 PM),Contemporary Indian Philosophy,A100901T
1-Dec-25,Mon,Shift-II (02:00 PM to 05:00 PM),(Th) Sports Biomechanics and Kinesiology,E020901T
1-Dec-25,Mon,Shift-I (10:00 AM to 01:00 PM),Statistics and Computer Application,A130901T
1-Dec-25,Mon,Shift-I (10:00 AM to 01:00 PM),"Study of Notation System and General Research Methodology (For Vocal, Stringed Instruments, Tabla and Pakhawaj)",A300901T
1-Dec-25,Mon,Shift-I (10:00 AM to 01:00 PM),History of European Painting (Classical to Early Renaissance),A210901T
1-Dec-25,Mon,Shift-II (02:00 PM to 05:00 PM),Financial Management,C010901T
1-Dec-25,Mon,Shift-II (02:00 PM to 05:00 PM),Condensed Matter Physics,B010901T
1-Dec-25,Mon,Shift-II (02:00 PM to 05:00 PM),Photochemistry,B020901T
1-Dec-25,Mon,Shift-II (02:00 PM to 05:00 PM),Fluid Dynamics,B030901T
1-Dec-25,Mon,Shift-II (02:00 PM to 05:00 PM),Medicinal Botany and Ayurvedic System of Medicine,B040901T
1-Dec-25,Mon,Shift-II (02:00 PM to 05:00 PM),"Genetics, Biostatistics & Computational and Biology",B050901T
1-Dec-25,Mon,Shift-II (02:00 PM to 05:00 PM),Quality Control & Realiability Engineering,B060901T
1-Dec-25,Mon,Shift-II (02:00 PM to 05:00 PM),Immunology,B080901T
1-Dec-25,Mon,Shift-II (02:00 PM to 05:00 PM),Toxicology of Heavy Metals,B300901T
1-Dec-25,Mon,Shift-II (02:00 PM to 05:00 PM),Abnormal Psychology,B610911T
1-Dec-25,Mon,Shift-II (02:00 PM to 05:00 PM),Technical Textiles,B620921T
1-Dec-25,Mon,Shift-II (02:00 PM to 05:00 PM),Community & Public Health Nutrition,B630931T
1-Dec-25,Mon,Shift-II (02:00 PM to 05:00 PM),I(Th) Food Biotechnology,B100901T
1-Dec-25,Mon,Shift-II (02:00 PM to 05:00 PM),Forensic Chemistry,B310901T
1-Dec-25,Mon,Shift-II (02:00 PM to 05:00 PM),Environmental Impact Assessment and Management,B150901T
2-Dec-25,Tue,Shift-I (10:00 AM to 01:00 PM),Bhartiya Kavyashastra Evam Pashchatya Kavyashastra,A010902T
2-Dec-25,Tue,Shift-I (10:00 AM to 01:00 PM),Vyakaran Evam Bhasha Vigyan,A020902T
2-Dec-25,Tue,Shift-I (10:00 AM to 01:00 PM),Mass Media,A030902T
2-Dec-25,Tue,Shift-I (10:00 AM to 01:00 PM),Twentieth Century British Poetry(BP),A040902T
2-Dec-25,Tue,Shift-I (10:00 AM to 01:00 PM),Twentieth Century British Poetry,A040908T
2-Dec-25,Tue,Shift-I (10:00 AM to 01:00 PM),History of Medieval India (1206-1526 A.D.),A050903T
2-Dec-25,Tue,Shift-I (10:00 AM to 01:00 PM),History of Ancient Indian Art and Architecture,A05A0902T
2-Dec-25,Tue,Shift-I (10:00 AM to 01:00 PM),History of Ancient Indian Art and Architecture,A150902T
2-Dec-25,Tue,Shift-I (10:00 AM to 01:00 PM),Indian Adminstration,A060902T
2-Dec-25,Tue,Shift-I (10:00 AM to 01:00 PM),Rural Studies,A070909T
2-Dec-25,Tue,Shift-II (02:00 PM to 05:00 PM),Higher Cognitive Processes,A090902T
2-Dec-25,Tue,Shift-I (10:00 AM to 01:00 PM),Research Methodology,A080902T
2-Dec-25,Tue,Shift-I (10:00 AM to 01:00 PM),Inter disciplinary Research Methods and Techniques in Geography,A110902T
2-Dec-25,Tue,Shift-I (10:00 AM to 01:00 PM),"Research Methods, Statistics and Computer Application",A160902T
2-Dec-25,Tue,Shift-I (10:00 AM to 01:00 PM),Ancient Indian Administration,A270902T
2-Dec-25,Tue,Shift-I (10:00 AM to 01:00 PM),Tnternational Law,A120902T
2-Dec-25,Tue,Shift-II (02:00 PM to 05:00 PM),Educational Technology,E010902T
2-Dec-25,Tue,Shift-I (10:00 AM to 01:00 PM),Social and Political Philosophy,A100902T
2-Dec-25,Tue,Shift-II (02:00 PM to 05:00 PM),II(Th) Sport Medicine,E020902T
2-Dec-25,Tue,Shift-I (10:00 AM to 01:00 PM),Clinical and Therapeutic Nutrition,A130902T
2-Dec-25,Tue,Shift-I (10:00 AM to 01:00 PM),"Ancient Music Scriptures and Technical Terms (For Vocal, Stringed Instruments, Tabla and Pakhawaj)",A300902T
2-Dec-25,Tue,Shift-I (10:00 AM to 01:00 PM),History of Modern European Art (Neo-Classicism to cubism),A210902T
2-Dec-25,Tue,Shift-II (02:00 PM to 05:00 PM),Nuclear and Particle Physics,B010902T
2-Dec-25,Tue,Shift-II (02:00 PM to 05:00 PM),Spectroscopy,8020902T
2-Dec-25,Tue,Shift-II (02:00 PM to 05:00 PM),Functional Analysis,B030902T
2-Dec-25,Tue,Shift-II (02:00 PM to 05:00 PM),Plant Biochemistry and Molecular Biology,B0409021
2-Dec-25,Tue,Shift-II (02:00 PM to 05:00 PM),Development Biology,B050902T
2-Dec-25,Tue,Shift-II (02:00 PM to 05:00 PM),Statistical Inference-II,B060902T
2-Dec-25,Tue,Shift-II (02:00 PM to 05:00 PM),Microbial Biotechnology and Industrial Microbiology,8080902T
2-Dec-25,Tue,Shift-II (02:00 PM to 05:00 PM),Toxicology of Pesticides,B300902T
2-Dec-25,Tue,Shift-II (02:00 PM to 05:00 PM),Adolescent and Youth,B610912T
2-Dec-25,Tue,Shift-II (02:00 PM to 05:00 PM),Historic Costume,B620922T
2-Dec-25,Tue,Shift-II (02:00 PM to 05:00 PM),Marketing Management,C010902T
2-Dec-25,Tue,Shift-II (02:00 PM to 05:00 PM),II Genomics and Proteomics,B100902T
2-Dec-25,Tue,Shift-II (02:00 PM to 05:00 PM),Forensic Toxicology,B310902T
2-Dec-25,Tue,Shift-II (02:00 PM to 05:00 PM),Environmental Pollution,B150902T
2-Dec-25,Tue,Shift-II (02:00 PM to 05:00 PM),Clinical Nutrition,B630932T
4-Dec-25,Thu,Shift-I (10:00 AM to 01:00 PM),Kabirdas,A010903T
4-Dec-25,Thu,Shift-I (10:00 AM to 01:00 PM),Surdas,A010904T
4-Dec-25,Thu,Shift-I (10:00 AM to 01:00 PM),Goswami Tulsidas,A010905T
4-Dec-25,Thu,Shift-I (10:00 AM to 01:00 PM),Jaishankar Prasad,A010906T
4-Dec-25,Thu,Shift-I (10:00 AM to 01:00 PM),Premchand,A010907T
4-Dec-25,Thu,Shift-I (10:00 AM to 01:00 PM),Sacchin and Hiranand Vatsyayan 'Ageya',A010908T
4-Dec-25,Thu,Shift-I (10:00 AM to 01:00 PM),Dhwani Evam Kavya Shastriya Parshthan,A020903T
4-Dec-25,Thu,Shift-I (10:00 AM to 01:00 PM),Sir Syedahmad Khan,A030904T
4-Dec-25,Thu,Shift-I (10:00 AM to 01:00 PM),Prem Chand,A030905T
4-Dec-25,Thu,Shift-I (10:00 AM to 01:00 PM),Maulana Abul Kalam Azad,A030903T
4-Dec-25,Thu,Shift-I (10:00 AM to 01:00 PM),Twentieth Century British Fictionand (BP),A040903T
4-Dec-25,Thu,Shift-I (10:00 AM to 01:00 PM),Twentieth Century British Fiction,A040909T
4-Dec-25,Thu,Shift-I (10:00 AM to 01:00 PM),History of Medieval India (1526-1707 A.D.),A050904T
4-Dec-25,Thu,Shift-I (10:00 AM to 01:00 PM),Ancient Indian Art and Architecture,A05A0903T
4-Dec-25,Thu,Shift-I (10:00 AM to 01:00 PM),Ancient Indian Art and Architecture,A150903T
4-Dec-25,Thu,Shift-I (10:00 AM to 01:00 PM),Modern Indian Political Thought,A060903T
4-Dec-25,Thu,Shift-I (10:00 AM to 01:00 PM),Modern Western Political Thought,A060904T
4-Dec-25,Thu,Shift-I (10:00 AM to 01:00 PM),Social Change: Concepts and Theories,A070910T
4-Dec-25,Thu,Shift-II (02:00 PM to 05:00 PM),Operational Amplifier and Digital Circuits,B010903T
4-Dec-25,Thu,Shift-II (02:00 PM to 05:00 PM),Nanomaterials and Synthesis Techniques,B010904T
4-Dec-25,Thu,Shift-II (02:00 PM to 05:00 PM),Solid State Physics-1,B010910T
4-Dec-25,Thu,Shift-II (02:00 PM to 05:00 PM),Spectroscopy -1,B010913T
4-Dec-25,Thu,Shift-II (02:00 PM to 05:00 PM),Nuclear Physics-1,B010916T
4-Dec-25,Thu,Shift-II (02:00 PM to 05:00 PM),Analytical Chemistry,B020903T
4-Dec-25,Thu,Shift-II (02:00 PM to 05:00 PM),Introduction to Soft Computing,B030903T
4-Dec-25,Thu,Shift-II (02:00 PM to 05:00 PM),Environmental Chemistry,B040903T
4-Dec-25,Thu,Shift-II (02:00 PM to 05:00 PM),A-Parasitology: (i) Biologyof Parasites-1,B050903T
4-Dec-25,Thu,Shift-II (02:00 PM to 05:00 PM),B-Fishand Fisheries: (i) General Fish Biology,B050905T
4-Dec-25,Thu,Shift-II (02:00 PM to 05:00 PM),C-Endrocrinology: (i) General Endocrinology,B050907T
4-Dec-25,Thu,Shift-II (02:00 PM to 05:00 PM),D-Cell Biology: (i) Advanced Cell Biology,B050909T
4-Dec-25,Thu,Shift-II (02:00 PM to 05:00 PM),E-Entomology: (i) General Insect Biology,B050911T
4-Dec-25,Thu,Shift-II (02:00 PM to 05:00 PM),F-Chronobiology:(i) Chronobiology,B050913T
4-Dec-25,Thu,Shift-II (02:00 PM to 05:00 PM),Operations Research,B060903T
4-Dec-25,Thu,Shift-II (02:00 PM to 05:00 PM),"Computer Applications, Bioinformatics, statistics and Research Methodology",B080903T
4-Dec-25,Thu,Shift-II (02:00 PM to 05:00 PM),Toxicology of Organic Solvents,B300903T
4-Dec-25,Thu,Shift-II (02:00 PM to 05:00 PM),Psychopathology,A090903T
4-Dec-25,Thu,Shift-I (10:00 AM to 01:00 PM),Economics of Infrastructure,A080903T
4-Dec-25,Thu,Shift-I (10:00 AM to 01:00 PM),Econometrics,A080904T
4-Dec-25,Thu,Shift-I (10:00 AM to 01:00 PM),Agricultural Economics,A080905T
4-Dec-25,Thu,Shift-I (10:00 AM to 01:00 PM),Population Geography,A110903T
4-Dec-25,Thu,Shift-I (10:00 AM to 01:00 PM),"Environment, Sustainable Development and Social Work",A160903T
4-Dec-25,Thu,Shift-I (10:00 AM to 01:00 PM),Financial Administration,A270903T
4-Dec-25,Thu,Shift-I (10:00 AM to 01:00 PM),Personnel Administration,A270904T
4-Dec-25,Thu,Shift-I (10:00 AM to 01:00 PM),Disarmament and Arms Control-1,A120903T
4-Dec-25,Thu,Shift-I (10:00 AM to 01:00 PM),Concepts of Western Philosophy,A100903T
4-Dec-25,Thu,Shift-I (10:00 AM to 01:00 PM),Textiles: Testing and Quality Control,A130903T
4-Dec-25,Thu,Shift-II (02:00 PM to 05:00 PM),Forensic Biology,B310903T
4-Dec-25,Thu,Shift-II (02:00 PM to 05:00 PM),Guidance & Counselling,E010903T
4-Dec-25,Thu,Shift-II (02:00 PM to 05:00 PM),III(Th) Sports Psychology,E020903T
4-Dec-25,Thu,Shift-II (02:00 PM to 05:00 PM),Advance in Life Span Development and Gero,B610913T
4-Dec-25,Thu,Shift-II (02:00 PM to 05:00 PM),Recent Advances in Textile Science & Apparel Design,B620923T
4-Dec-25,Thu,Shift-II (02:00 PM to 05:00 PM),Institutional Food Service Management,B630934T
4-Dec-25,Thu,Shift-II (02:00 PM to 05:00 PM),Human Resource Management,C010903T
4-Dec-25,Thu,Shift-II (02:00 PM to 05:00 PM),III(Th) Plant Biotechnology,B100903T
4-Dec-25,Thu,Shift-II (02:00 PM to 05:00 PM),Environment & Public Health,B150903T
6-Dec-25,Sat,Shift-I (10:00 AM to 01:00 PM),Patrakarita Parshikshan,A010909T
6-Dec-25,Sat,Shift-I (10:00 AM to 01:00 PM),Vedic Shatiyaka Vishisth Adhyaan,A020904T
6-Dec-25,Sat,Shift-I (10:00 AM to 01:00 PM),Pracheen Evam Avarcheen Sanskrit Sahityaka Vishisth Adhyaan,A020906T
6-Dec-25,Sat,Shift-I (10:00 AM to 01:00 PM),Meertaqi Meer,A030907T
6-Dec-25,Sat,Shift-I (10:00 AM to 01:00 PM),Ghalib,A030906T
6-Dec-25,Sat,Shift-I (10:00 AM to 01:00 PM),Iqbal,A030908T
6-Dec-25,Sat,Shift-I (10:00 AM to 01:00 PM),Political and Cultural History of Western Uttar Pradesh,A050906T
6-Dec-25,Sat,Shift-I (10:00 AM to 01:00 PM),Translation Studies (BP),A040605T
6-Dec-25,Sat,Shift-I (10:00 AM to 01:00 PM),Research Methodology,A040910T
6-Dec-25,Sat,Shift-I (10:00 AM to 01:00 PM),Campus Fiction (BP),A040904T
6-Dec-25,Sat,Shift-I (10:00 AM to 01:00 PM),Indian Art Iconography,A150906T
6-Dec-25,Sat,Shift-I (10:00 AM to 01:00 PM),Indian Tradition of Political Thinking,A060905T
6-Dec-25,Sat,Shift-I (10:00 AM to 01:00 PM),Indian Public Governance,A060906T
6-Dec-25,Sat,Shift-I (10:00 AM to 01:00 PM),Political Sociology,A070912T
6-Dec-25,Sat,Shift-I (10:00 AM to 01:00 PM),Environmental Sociology,A070911T
6-Dec-25,Sat,Shift-I (10:00 AM to 01:00 PM),Rural Development,A080906T
6-Dec-25,Sat,Shift-I (10:00 AM to 01:00 PM),Demography,A080907T
6-Dec-25,Sat,Shift-I (10:00 AM to 01:00 PM),Industrial Economics,A080908T
6-Dec-25,Sat,Shift-II (02:00 PM to 05:00 PM),Clinical Psychology,A090904T
6-Dec-25,Sat,Shift-I (10:00 AM to 01:00 PM),Gender Geography,A110904T
6-Dec-25,Sat,Shift-I (10:00 AM to 01:00 PM),Agricultural Geography,A110905T
6-Dec-25,Sat,Shift-I (10:00 AM to 01:00 PM),Social Geography,A110906T
6-Dec-25,Sat,Shift-I (10:00 AM to 01:00 PM),Techniques and Methods of Regional Analysis,A110907T
6-Dec-25,Sat,Shift-I (10:00 AM to 01:00 PM),Cultural Geography,A110908T
6-Dec-25,Sat,Shift-I (10:00 AM to 01:00 PM),Multi-Variety Statically Analysis,A110909T
6-Dec-25,Sat,Shift-I (10:00 AM to 01:00 PM),Remote Sensing G.I.S. & G.P.S.,A110910T
6-Dec-25,Sat,Shift-I (10:00 AM to 01:00 PM),"Mental Health Care & Services, Medical & Psychiatric Social Work",A160904T
6-Dec-25,Sat,Shift-I (10:00 AM to 01:00 PM),Social Welfare Administration,A270905T
6-Dec-25,Sat,Shift-I (10:00 AM to 01:00 PM),Public Policy Process in India,A270906T
6-Dec-25,Sat,Shift-I (10:00 AM to 01:00 PM),Public Policy,A270907T
6-Dec-25,Sat,Shift-I (10:00 AM to 01:00 PM),Indian Military History-1,A120904T
6-Dec-25,Sat,Shift-I (10:00 AM to 01:00 PM),Disaster Management-1,A120905T
6-Dec-25,Sat,Shift-I (10:00 AM to 01:00 PM),Contemporary Western Philosophy,A100904T
6-Dec-25,Sat,Shift-I (10:00 AM to 01:00 PM),Children with Special Needs,A130904T
6-Dec-25,Sat,Shift-II (02:00 PM to 05:00 PM),"Forensic Serology, Genetics and Physiology",B310904T
6-Dec-25,Sat,Shift-II (02:00 PM to 05:00 PM),Electronic Communication Systems,B010905T
6-Dec-25,Sat,Shift-II (02:00 PM to 05:00 PM),Advance Tools for Nano characterization,B010906T
6-Dec-25,Sat,Shift-II (02:00 PM to 05:00 PM),Nuclear Physics -II,B010911T
6-Dec-25,Sat,Shift-II (02:00 PM to 05:00 PM),Solid State Physics -II,B010914T
6-Dec-25,Sat,Shift-II (02:00 PM to 05:00 PM),Spectroscopy,B010917T
6-Dec-25,Sat,Shift-II (02:00 PM to 05:00 PM),Bio-Inorganic Chemistry,B020904T
6-Dec-25,Sat,Shift-II (02:00 PM to 05:00 PM),Bio-Organic Chemistry,B020905T
6-Dec-25,Sat,Shift-II (02:00 PM to 05:00 PM),Bio-Physical Chemistry,B020906T
6-Dec-25,Sat,Shift-II (02:00 PM to 05:00 PM),Mathematical Robotics,B030904T
6-Dec-25,Sat,Shift-II (02:00 PM to 05:00 PM),Regulatory Toxicology,B300904T
6-Dec-25,Sat,Shift-II (02:00 PM to 05:00 PM),Genetic Engineering,B040904T
6-Dec-25,Sat,Shift-II (02:00 PM to 05:00 PM),Evolutionary Biology,B040905T
6-Dec-25,Sat,Shift-II (02:00 PM to 05:00 PM),Plant Nomenclature,B040906T
6-Dec-25,Sat,Shift-II (02:00 PM to 05:00 PM),A-Parasitology: (ii) Biology of Parasites -II (Nematoda and Arthropoda),B050904T
6-Dec-25,Sat,Shift-II (02:00 PM to 05:00 PM),B-Fishand Fisheries: (ii) Morphology and Physiology,B050906T
6-Dec-25,Sat,Shift-II (02:00 PM to 05:00 PM),C-Endrocrinology: (ii) Neuro Endrocrinology,B050908T
6-Dec-25,Sat,Shift-II (02:00 PM to 05:00 PM),D-Cell Biology:(ii) Chromosome and Genomic Organization,B050910T
6-Dec-25,Sat,Shift-II (02:00 PM to 05:00 PM),E-Entomology: (ii) Anatomy and Physiology of Insects,B050912T
6-Dec-25,Sat,Shift-II (02:00 PM to 05:00 PM),F-Chronobiology: (ii) Photoperiodism and Seasonal Breeding,B050914T
6-Dec-25,Sat,Shift-II (02:00 PM to 05:00 PM),Advanced Bayeslan Statistics,B060904T
6-Dec-25,Sat,Shift-II (02:00 PM to 05:00 PM),Acruarial Science and Official Statistics,B060905T
6-Dec-25,Sat,Shift-II (02:00 PM to 05:00 PM),Food Chemistry,B080904T
6-Dec-25,Sat,Shift-II (02:00 PM to 05:00 PM),Food and Water Borne Disease,B080905T
6-Dec-25,Sat,Shift-II (02:00 PM to 05:00 PM),Adult Education,E010904T
6-Dec-25,Sat,Shift-II (02:00 PM to 05:00 PM),Life Skill Education,E010905T
6-Dec-25,Sat,Shift-II (02:00 PM to 05:00 PM),Distance Education,E010906T
6-Dec-25,Sat,Shift-II (02:00 PM to 05:00 PM),IV(Th)a: Health Education,E020906T
6-Dec-25,Sat,Shift-II (02:00 PM to 05:00 PM),IV(Th)b: Professional Preparation and Curriculum Design in Physical Education,E020905T
6-Dec-25,Sat,Shift-II (02:00 PM to 05:00 PM),IV(Th)c: Kinanthropometry,E020904T
6-Dec-25,Sat,Shift-II (02:00 PM to 05:00 PM),Parent and Community Education,B610915T
6-Dec-25,Sat,Shift-II (02:00 PM to 05:00 PM),Textile & Garment Quality Control,B620924T
6-Dec-25,Sat,Shift-II (02:00 PM to 05:00 PM),Fashion Communication,B620926T
6-Dec-25,Sat,Shift-II (02:00 PM to 05:00 PM),Managerial Economics,C010904T
6-Dec-25,Sat,Shift-II (02:00 PM to 05:00 PM),Operations Research,C010905T
6-Dec-25,Sat,Shift-II (02:00 PM to 05:00 PM),IV(Th) Animal Biotechnology,B100904T
6-Dec-25,Sat,Shift-II (02:00 PM to 05:00 PM),Water & Wastewater Treatment,B150904T
9-Dec-25,Tue,Shift-II (02:00 PM to 05:00 PM),Educational Psychology,A090906T
9-Dec-25,Tue,Shift-II (02:00 PM to 05:00 PM),Information Theory,B030905T
9-Dec-25,Tue,Shift-II (02:00 PM to 05:00 PM),V(Th) Industrial Bio Technology & Bioentrepreneur ship,B100905T
11-Dec-25,Thu,Shift-II (02:00 PM to 05:00 PM),Human Development till Adulthood,A090907T
11-Dec-25,Thu,Shift-II (02:00 PM to 05:00 PM),Advanced Numerical Analysis,B030906T
11-Dec-25,Thu,Shift-II (02:00 PM to 05:00 PM),VI (Th)a: Plant genetic Resources: conservation and their sustainable use,B100906T
13-Dec-25,Sat,Shift-II (02:00 PM to 05:00 PM),Managing Behavior in Organizations,A090909T
13-Dec-25,Sat,Shift-II (02:00 PM to 05:00 PM),Measure and Integration,B030907T
13-Dec-25,Sat,Shift-II (02:00 PM to 05:00 PM),VII(Th) b: Biotechnology of Human,B100907T
16-Dec-25,Tue,Shift-II (02:00 PM to 05:00 PM),Human Resource Development and Consulting,A090910T
16-Dec-25,Tue,Shift-II (02:00 PM to 05:00 PM),Algebric Coding Theory,B030908T
17-Dec-25,Wed,Shift-II (02:00 PM to 05:00 PM),Health psychology,A090912T
18-Dec-25,Thu,Shift-II (02:00 PM to 05:00 PM),Organizational Psychology,A090908T
19-Dec-25,Fri,Shift-II (02:00 PM to 05:00 PM),Object Oriented Programming C++,B030909T
19-Dec-25,Fri,Shift-II (02:00 PM to 05:00 PM),Counselling Psychology,A090911T
20-Dec-25,Sat,Shift-II (02:00 PM to 05:00 PM),Neuropsychology,A090905T
20-Dec-25,Sat,Shift-II (02:00 PM to 05:00 PM),Partial Differential Equation,B030910T
,,,,
,,,,
9-Dec-25,Tue,Shift-I (10:00 AM to 01:00 PM),Interactive Computer Graphics,MCS-301
11-Dec-25,Thu,Shift-I (10:00 AM to 01:00 PM),Computer Networks and Internet,MCS-302
13-Dec-25,Sat,Shift-I (10:00 AM to 01:00 PM),Computer Oriented Optimization Methods,MCS-303
18-Dec-25,Thu,Shift-I (10:00 AM to 01:00 PM),Object Oriented Systems,MCS-304
8-Dec-25,Mon,Shift-II (02:00 PM to 05:00 PM),Advertising,BJMC-501
10-Dec-25,Wed,Shift-II (02:00 PM to 05:00 PM),Development Communication,BJMC-502
12-Dec-25,Fri,Shift-II (02:00 PM to 05:00 PM),Mass Media Writing Skills,BJMC-503
17-Dec-25,Wed,Shift-II (02:00 PM to 05:00 PM),Digital Journalism,BJMC-504
,,,,
09.12.2025,Tue,Shift-I (10:00 AM to 01:00 PM),Advertising Management (New Course),BBA-301
09.12.2025,Tue,Shift-I (10:00 AM to 01:00 PM),Advertising Management (Old Course),BBA-301
11.12.2025,Thu,Shift-I (10:00 AM to 01:00 PM),Team Building & Leadership (New Course),BBA-302
11.12.2025,Thu,Shift-I (10:00 AM to 01:00 PM),Indian Banking System (Old Course),BBA-302
13.12.2025,Sat,Shift-I (10:00 AM to 01:00 PM),Indian Economy (New Course),BBA-303
13.12.2025,Sat,Shift-I (10:00 AM to 01:00 PM),Human Resource Management (Old Course),BBA-303
13.12.2025,Sat,Shift-I (10:00 AM to 01:00 PM) ,Customer Relationship Management (New Course),BBA-304
18.12.2025,Thu,Shift-I (10:00 AM to 01:00 PM) ,Marketing Management (Old Course),BBA-304
20.12.2025,Sat,Shift-I (10:00 AM to 01:00 PM),Management Information System (New Course),BBA-305
20.12.2025,Sat,Shift-I (10:00 AM to 01:00 PM),Company Accounts (Old Course),BBA-305
24.12.2025,Wed,Shift-I (10:00 AM to 01:00 PM),Income Tax Law and Practice (New Course),BBA-306
24.12.2025,Wed,Shift-I (10:00 AM to 01:00 PM),Company Law (Old Course),BBA-306
08.12.2025,Mon,Shift-I (10:00 AM to 01:00 PM),Arthmetic Aptitude (New Course),BBA-501
08.12.2025,Mon,Shift-I (10:00 AM to 01:00 PM),Entrepreneurship & Small Business Management (Old Course),BBA-501
10.12.2025,Wed,Shift-I (10:00 AM to 01:00 PM),Aptitude Reasoning (New Course),BBA-502
10.12.2025,Wed,Shift-I (10:00 AM to 01:00 PM),Managerial Economics (Old Course),BBA-502
12.12.2025,Fri,Shift-I (10:00 AM to 01:00 PM),General Business Awareness (New Course),BBA-503
12.12.2025,Fri,Shift-I (10:00 AM to 01:00 PM),Cost and Management Accounting (Old Course),BBA-503
17.12.2025,Wed,Shift-I (10:00 AM to 01:00 PM),General English (New Course),BBA-504
17.12.2025,Wed,Shift-I (10:00 AM to 01:00 PM),Income Tax Law and Accounts (Old Course),BBA-504
19.12.2025,Fri,Shift-I (10:00 AM to 01:00 PM),Industrial Law (Old Course),BBA-505
19.12.2025,Fri,Shift-I (10:00 AM to 01:00 PM),Corporate Taxes - Direct and Indirect Tax (New Course),BBA-505-F1
19.12.2025,Fri,Shift-I (10:00 AM to 01:00 PM), Rural Marketing (New Course),BBA-505-M1
22.12.2025,Mon,Shift-I (10:00 AM to 01:00 PM),Computer Fundamentals (Old Course),BBA-506
22.12.2025,Mon,Shift-I (10:00 AM to 01:00 PM),Service Marketing (New Course),BBA-506-M2
22.12.2025,Mon,Shift-I (10:00 AM to 01:00 PM),Financial Institutions and Investment Management (New Course),BBA-506-F2
09.12.2025,Tue,Shift-I (10:00 AM to 01:00 PM),Object Oriented programming Using C++,BCA-301
11.12.2025,Thu,Shift-I (10:00 AM to 01:00 PM),Data Structure Using C & C++,BCA-302
13.12.2025,Sat,Shift-I (10:00 AM to 01:00 PM),Computer Architecture & Assembly Language,BCA-303
18.12.2025,Thu,Shift-I (10:00 AM to 01:00 PM),Business Economics,BCA-304
20.12.2025,Sat,Shift-I (10:00 AM to 01:00 PM),Elements of Statistics,BCA-305
08.12.2025,Mon,Shift-I (10:00 AM to 01:00 PM),Introduction to DBMS,BCA-501
10.12.2025,Wed,Shift-I (10:00 AM to 01:00 PM),Java Programming and Dynamic Webpage Design,BCA-502
12.12.2025,Fri,Shift-I (10:00 AM to 01:00 PM),Computer Network,BCA-503
17.12.2025,Wed,Shift-I (10:00 AM to 01:00 PM),Numerical Methods,BCA-504
09.12.2025,Tue,Shift-I (10:00 AM to 01:00 PM),General English- III (Communication Skills) (New Course),BL-3001
09.12.2025,Tue,Shift-I (10:00 AM to 01:00 PM),English- III (Communication Skills) (Old Course),BL-301
11.12.2025,Thu,Shift-I (10:00 AM to 01:00 PM),Hindi - 1 (???? ?? ???????) (New Course),BL-3002
11.12.2025,Thu,Shift-I (10:00 AM to 01:00 PM),Hindi ? (?????? ???? ?? ???????)(Old Course) ,BL-302
11.12.2025,Thu,Shift-I (10:00 AM to 01:00 PM),Law and Media-I (New Course),BL-3002(A)
11.12.2025,Thu,Shift-I (10:00 AM to 01:00 PM),Law and Media-I (Old Course),BL-306
13.12.2025,Sat,Shift-I (10:00 AM to 01:00 PM),Political Science-III (Public Administration) (New Course),BL-3003
13.12.2025,Sat,Shift-I (10:00 AM to 01:00 PM),Political Science-III (Old Course),BL-303
18.12.2025,Thu,Shift-I (10:00 AM to 01:00 PM),Contract-I (General Principles of Contract) (New Course),BL-3004
18.12.2025,Thu,Shift-I (10:00 AM to 01:00 PM),Contract-I (Old Course),BL-304
20.12.2025,Sat,Shift-I (10:00 AM to 01:00 PM),Indian Legal & Constitutional History (New Course),BL-3005
20.12.2025,Sat,Shift-I (10:00 AM to 01:00 PM),History of Courts & Legislature (India) (Old Course),BL-305
08.12.2025,Mon,Shift-I (10:00 AM to 01:00 PM),Law of Crimes (IPC) (New Course),BL-5001
08.12.2025,Mon,Shift-I (10:00 AM to 01:00 PM),Law of Crimes (Old Course),BL-505
10.12.2025,Wed,Shift-I (10:00 AM to 01:00 PM),Family Law-1 (Hindu Law) (New Course),BL-5002
10.12.2025,Wed,Shift-I (10:00 AM to 01:00 PM),Hindu Law (Codified Law) (Old Course),BL-504
12.12.2025,Fri,Shift-I (10:00 AM to 01:00 PM),Constitutional Law of India- I (Nature of Constitutional & Fundamental Rights) (New Course),BL-5003
12.12.2025,Fri,Shift-I (10:00 AM to 01:00 PM),Constitutional Law of India-I (Old Course),BL-503
17.12.2025,Wed,Shift-I (10:00 AM to 01:00 PM),Contract- II (Specific Contract & Law of Partnership) (New Course),BL-5004
17.12.2025,Wed,Shift-I (10:00 AM to 01:00 PM),Contract- II (Old Course),BL-502
19.12.2025,Fri,Shift-I (10:00 AM to 01:00 PM),Jurisprudence-I (Legal Theory) (New Course),BL-5005
19.12.2025,Fri,Shift-I (10:00 AM to 01:00 PM),Jurisprudence (Old Course),BL-501
22.12.2025,Mon,Shift-I (10:00 AM to 01:00 PM),Bhartiya Nyay Sanhita-2023 (New Course),BL-5006
09.12.2025,Tue,Shift-II (02:00 PM to 05:00 PM),Company Law (New Course),BL-7002
09.12.2025,Tue,Shift-II (02:00 PM to 05:00 PM),Company Law (Old Course),BL-701
11.12.2025,Thu,Shift-II (02:00 PM to 05:00 PM),Labour and Industrial Law (New Course),BL-7001
11.12.2025,Thu,Shift-II (02:00 PM to 05:00 PM),Labour Laws (Old Course),BL-702
13.12.2025,Sat,Shift-II (02:00 PM to 05:00 PM),Interpretation of Statutes (New Course),BL-7003
13.12.2025,Sat,Shift-II (02:00 PM to 05:00 PM),Interpretation of Statutes and Principles of Legislation (Old Course),BL-703
18.12.2025,Thu,Shift-II (02:00 PM to 05:00 PM),Insurance Law and Accident Claims (New Course),BL-7004
18.12.2025,Thu,Shift-II (02:00 PM to 05:00 PM),Criminology and Penology,BL-7004(A)
18.12.2025,Thu,Shift-II (02:00 PM to 05:00 PM),Insurance Law and Accident Claims (Old Course),BL-704
20.12.2025,Sat,Shift-II (02:00 PM to 05:00 PM),"Professional Ethics, Accountability of Lawyers and Bar - Bench Relations (New Course)",BL-7005
20.12.2025,Sat,Shift-II (02:00 PM to 05:00 PM),"Professional Ethics, Accountability for Lawyers and Bar-Bench Relations (Old Course)",BL-705
08.12.2025,Mon,Shift-II (02:00 PM to 05:00 PM),Code of Criminal Procedure (New Course),BL-9001
08.12.2025,Mon,Shift-II (02:00 PM to 05:00 PM),"Law of Evidence, Limitation Act. (Old Course)",BL-901
10.12.2025,Wed,Shift-II (02:00 PM to 05:00 PM),Civil Procedure and Limitation Act (New Course),BL-9002
10.12.2025,Wed,Shift-II (02:00 PM to 05:00 PM),Criminal Procedure Code (Old Course),BL-902
12.12.2025,Fri,Shift-II (02:00 PM to 05:00 PM),Law of Evidence (New Course),BL-9003
12.12.2025,Fri,Shift-II (02:00 PM to 05:00 PM),C.P.C. (Civil Procedure Code) (Old Course),BL-903
17.12.2025,Wed,Shift-II (02:00 PM to 05:00 PM),Consumer Protection Lws and Competition Act (New Course),BL-9004
17.12.2025,Wed,Shift-II (02:00 PM to 05:00 PM),Consumer Protection Laws & Competition Act. (Old Course),BL-904
19.12.2025,Fri,Shift-II (02:00 PM to 05:00 PM),Drafting of Pleading and Conveyancing (New Course),BL-9005
22.12.2025,Mon,Shift-II (02:00 PM to 05:00 PM),Bhartiya Nagriik Suraksha Sanhita-2023 (New Course),BL-9010
24.12.2025,Wed,Shift-II (02:00 PM to 05:00 PM),Bhartiya Sakshya Adhiniyam-2023 (New Course),BL-9011
09.12.2025,Tue,Shift-I (10:00 AM to 01:00 PM),Value Education,BAJMC-301
11.12.2025,Thu,Shift-I (10:00 AM to 01:00 PM),Corporate Communicaton,BAJMC-302
13.12.2025,Sat,Shift-I (10:00 AM to 01:00 PM),Broadcast Journalism (Electronic Media-I),BAJMC-303
18.12.2025,Thu,Shift-I (10:00 AM to 01:00 PM),Indian Political System,BAJMC-304
08.12.2025,Mon,Shift-I (10:00 AM to 01:00 PM),Communication Research,BAJMC-501
10.12.2025,Wed,Shift-I (10:00 AM to 01:00 PM),New Media Technology,BAJMC-502
12.12.2025,Fri,Shift-I (10:00 AM to 01:00 PM),Environment and Rural Communication,BAJMC-503
09.12.2025,Tue,Shift-I (10:00 AM to 01:00 PM),Print Journalism - (Reporting and Editing),MAJMC-301
11.12.2025,Thu,Shift-I (10:00 AM to 01:00 PM),Electronic Media-II (Television),MAJMC-302
13.12.2025,Sat,Shift-I (10:00 AM to 01:00 PM),Advertising and Public Relations,MAJMC-303
18.12.2025,Thu,Shift-I (10:00 AM to 01:00 PM),Online Journalism,MAJMC-304
20.12.2025,Sat,Shift-I (10:00 AM to 01:00 PM),Enviornment Communication,MAJMC-305
09.12.2025,Tue,Shift-I (10:00 AM to 01:00 PM),"Microbial, Industrial & Environmental Biotechnology",H-301
11.12.2025,Thu,Shift-I (10:00 AM to 01:00 PM),Concepts of Nano-Bio-Technology,H-302
13.12.2025,Sat,Shift-I (10:00 AM to 01:00 PM),Animal Biotechnology & Immunology,H-303
18.12.2025,Thu,Shift-I (10:00 AM to 01:00 PM),Genomics and Proteomics,H-304
09.12.2025,Tue,Shift-I (10:00 AM to 01:00 PM),Medical Microbiology,GM-301
11.12.2025,Thu,Shift-I (10:00 AM to 01:00 PM),Molecular Immunology,GM-302
13.12.2025,Sat,Shift-I (10:00 AM to 01:00 PM),Food and Dairy Microbiology,GM-303
18.12.2025,Thu,Shift-I (10:00 AM to 01:00 PM),Industrial Microbiology,GM-304
09.12.2025,Tue,Shift-I (10:00 AM to 01:00 PM),Biotechnology,BCH-301
11.12.2025,Thu,Shift-I (10:00 AM to 01:00 PM),Molecular Biology,BCH-302
13.12.2025,Sat,Shift-I (10:00 AM to 01:00 PM),Nutritional Biochemistry,BCH-303
18.12.2025,Thu,Shift-I (10:00 AM to 01:00 PM),Analytical Biochemistry,BCH-304
09.12.2025,Tue,Shift-I (10:00 AM to 01:00 PM),Biocomputing Programming (New),BICCSU-301
09.12.2025,Tue,Shift-I (10:00 AM to 01:00 PM),Statistical Analysis and Optimization Techniques (Old),BI-301
11.12.2025,Thu,Shift-I (10:00 AM to 01:00 PM),"Proteogenomics, System Biology and NGS Analysis (New)",BICCSU-302
11.12.2025,Thu,Shift-I (10:00 AM to 01:00 PM),Biocomputing Programming (Old),BI-302
13.12.2025,Sat,Shift-I (10:00 AM to 01:00 PM),Molecular Moduleing and Drug Design (New),BICCSU-303
13.12.2025,Sat,Shift-I (10:00 AM to 01:00 PM),Structural Biology and Molecular Modeling (Old),BI-303
18.12.2025,Thu,Shift-I (10:00 AM to 01:00 PM),Fundamental of Data Science (New) - Elective I OR Multimedia Applications with Web Technologies (New) - Elective II,BICCSU-304
18.12.2025,Thu,Shift-I (10:00 AM to 01:00 PM),"Genomics, Proteomics & Systems Biology (Old)",BI-304
09.12.2025,Tue,Shift-I (10:00 AM to 01:00 PM),Project Management (New),MIB-301
09.12.2025,Tue,Shift-I (10:00 AM to 01:00 PM),International Financial Management (Old),MIB-301
11.12.2025,Thu,Shift-I (10:00 AM to 01:00 PM),International Logistics and Supply chain (New),MIB-302
11.12.2025,Thu,Shift-I (10:00 AM to 01:00 PM),Organizational Behaviour & Development (Old),MIB-302
13.12.2025,Sat,Shift-I (10:00 AM to 01:00 PM),Digital Marketing (New),MIB-303
13.12.2025,Sat,Shift-I (10:00 AM to 01:00 PM),"International Trade Procedures, Documentation & Logistics (Old)",MIB-303
18.12.2025,Thu,Shift-I (10:00 AM to 01:00 PM),Strategic Management (New),MIB-304
18.12.2025,Thu,Shift-I (10:00 AM to 01:00 PM),International Business Management (Old),MIB-304
20.12.2025,Sat,Shift-I (10:00 AM to 01:00 PM),Investement Analysis and Portfolio,MIB-FM-01
20.12.2025,Sat,Shift-I (10:00 AM to 01:00 PM),E-Commerce (Old),MIB-305 
24.12.2025,Wed,Shift-I (10:00 AM to 01:00 PM),Compensation and Performance Management,MIB-HR-01
24.12.2025,Wed,Shift-I (10:00 AM to 01:00 PM),Sales Distribution and Retail Management ,MIB-MK-01
24.12.2025,Wed,Shift-I (10:00 AM to 01:00 PM),Foreign Language :- (Basic German) (Old) (MIB-306(A)) ,MIB-306(A)
24.12.2025,Wed,Shift-I (10:00 AM to 01:00 PM),Foreign Language :-  (Basic French) (Old) (MIB-306(B)),MIB-306(B)
27.12.2025,Sat,Shift-I (10:00 AM to 01:00 PM),Financial Modeling,MIB-FM-02
27.12.2025,Sat,Shift-I (10:00 AM to 01:00 PM),Industrial Relation and HR Legislations,MIB-HR-02
27.12.2025,Sat,Shift-I (10:00 AM to 01:00 PM),B 2 B Marketing,MIB-MK-02
27.12.2025,Sat,Shift-I (10:00 AM to 01:00 PM),Financial Derivatives and Forex Management,MIB-FM-03
27.12.2025,Sat,Shift-I (10:00 AM to 01:00 PM),HR Analytics and Matrices Professionals,MIB-HR-03
27.12.2025,Sat,Shift-I (10:00 AM to 01:00 PM),Strategic Brand Management,MIB-MK-03
09.12.2025,Tue,Shift-I (10:00 AM to 01:00 PM),Discrete Structures,BCS-301
11.12.2025,Thu,Shift-I (10:00 AM to 01:00 PM),Switching Theory and Logic Design,BCS-302
13.12.2025,Sat,Shift-I (10:00 AM to 01:00 PM),Data Structure Using C,BCS-303
08.12.2025,Mon,Shift-I (10:00 AM to 01:00 PM),Data Base Management System,BCS-501
10.12.2025,Wed,Shift-I (10:00 AM to 01:00 PM),System Software,BCS-502
12.12.2025,Fri,Shift-I (10:00 AM to 01:00 PM),Web Designing with Java Programming,BCS-503
09.12.2025,Tue,Shift-I (10:00 AM to 01:00 PM),Clasification of Mental Disorders,ACP-3101
11.12.2025,Thu,Shift-I (10:00 AM to 01:00 PM),Psychopathology,ACP-3102
13.12.2025,Sat,Shift-I (10:00 AM to 01:00 PM),Stress and Coping,ACP-3103
18.12.2025,Thu,Shift-I (10:00 AM to 01:00 PM),Subsidiary-value Education,ACP-3104
08.12.2025,Mon,Shift-I (10:00 AM to 01:00 PM),Psychotherapy,ACP-5101
10.12.2025,Wed,Shift-I (10:00 AM to 01:00 PM),Community Mental Health,ACP-5102
12.12.2025,Fri,Shift-I (10:00 AM to 01:00 PM),Childhood Disorders & Its Intervention (Including learning disability),ACP-5103
17.12.2025,Wed,Shift-I (10:00 AM to 01:00 PM),Subsidiary Paper-Basic Computer Applications,ACP-5104
09.12.2025,Tue,Shift-I (10:00 AM to 01:00 PM),Yogic Text (Patanjal Yoga)-II,YS-3101
11.12.2025,Thu,Shift-I (10:00 AM to 01:00 PM),Alternative Therapies-I/ Acupressure Magnet Therapy,YS-3102
13.12.2025,Sat,Shift-I (10:00 AM to 01:00 PM),Swasthvritta,YS-3103
18.12.2025,Thu,Shift-I (10:00 AM to 01:00 PM),Yoga Therapy-I,YS-3104
20.12.2025,Sat,Shift-I (10:00 AM to 01:00 PM),Communicative English,YS-3105
08.12.2025,Mon,Shift-I (10:00 AM to 01:00 PM),Principles of Naturopathy-II,YS-5101
10.12.2025,Wed,Shift-I (10:00 AM to 01:00 PM),Soft Management & Yoga,YS-5102
12.12.2025,Fri,Shift-I (10:00 AM to 01:00 PM),Yoga & Mental Health,YS-5103
17.12.2025,Wed,Shift-I (10:00 AM to 01:00 PM),Yoga & Personality Development,YS-5104
24.12.2025,Wed,Shift-I (10:00 AM to 01:00 PM),Value Education-?????? ???????? ??? ??????? ???? (???-009),YS-009
09.12.2025,Tue,Shift-I (10:00 AM to 01:00 PM),Health Education,BPES-301
11.12.2025,Thu,Shift-I (10:00 AM to 01:00 PM),Sports Psychology,BPES-302
13.12.2025,Sat,Shift-I (10:00 AM to 01:00 PM),Physiology of Exercise,BPES-303
18.12.2025,Thu,Shift-I (10:00 AM to 01:00 PM),Management in Physical Education,BPES-304
08.12.2025,Mon,Shift-I (10:00 AM to 01:00 PM),Sports Sociology,BPES-501
10.12.2025,Wed,Shift-I (10:00 AM to 01:00 PM),Method of Physical Education,BPES-502
12.12.2025,Fri,Shift-I (10:00 AM to 01:00 PM),Remedial and Corrective Physical Education,BPES-503
17.12.2025,Wed,Shift-I (10:00 AM to 01:00 PM),Test and Measurement in Physical Education,BPES-504
09.12.2025,Tue,Shift-I (10:00 AM to 01:00 PM),Sports Management in Physical Education & Sports,MPSCC-301
11.12.2025,Thu,Shift-I (10:00 AM to 01:00 PM),Kinesiology in Physical Education and Sports,MPSCC-302
13.12.2025,Sat,Shift-I (10:00 AM to 01:00 PM),"Tests, Measurement and Evaluation in Physical Education and Sports",MPSCC-303
18.12.2025,Thu,Shift-I (10:00 AM to 01:00 PM),Yoga Education,MPSCC-304
09.12.2025,Tue,Shift-I (10:00 AM to 01:00 PM),General English-II,BCL-3001
11.12.2025,Thu,Shift-I (10:00 AM to 01:00 PM),Entrepreneurship Development,BCL-3002
13.12.2025,Sat,Shift-I (10:00 AM to 01:00 PM),Consumer Behaviour,BCL-3003
18.12.2025,Thu,Shift-I (10:00 AM to 01:00 PM),Contract- (General Principal of Contract),BCL-3004
20.12.2025,Sat,Shift-I (10:00 AM to 01:00 PM),Indian Legal and Consitutional History,BCL-3005
08.12.2025,Mon,Shift-I (10:00 AM to 01:00 PM),Law of Crimes (Indian Penal Code),BCL-5001
10.12.2025,Wed,Shift-I (10:00 AM to 01:00 PM),Family Law-I (Hindu Law),BCL-5002
12.12.2025,Fri,Shift-I (10:00 AM to 01:00 PM),Constitutional Law of India-I (Nature of the Constitution and Fundamental Rights),BCL-5003
17.12.2025,Wed,Shift-I (10:00 AM to 01:00 PM),Contract-II (Specific Contract),BCL-5004
19.12.2025,Fri,Shift-I (10:00 AM to 01:00 PM),Jurisprudence-I (Legal Theory),BCL-5005
22.12.2025,Mon,Shift-I (10:00 AM to 01:00 PM),Bhartiya Nyay Sanhita-2023 (New Course),BCL-5006
09.12.2025,Tue,Shift-II (02:00 PM to 05:00 PM),Labour and Industrial Law,BCL-7001
11.12.2025,Thu,Shift-II (02:00 PM to 05:00 PM),Company Law,BCL-7002
13.12.2025,Sat,Shift-II (02:00 PM to 05:00 PM),Interpretation of Statutes,BCL-7003
18.12.2025,Thu,Shift-II (02:00 PM to 05:00 PM),Insurance Law and Accident Claims,BCL-7004
18.12.2025,Thu,Shift-II (02:00 PM to 05:00 PM),Criminology and Penology,BCL-7004(A)
20.12.2025,Sat,Shift-II (02:00 PM to 05:00 PM),"Professional Ethies, Accountancy of Lawyers and Bar Bench Relation",BCL-7005
08.12.2025,Mon,Shift-II (02:00 PM to 05:00 PM),Code of Criminal Procedure,BCL-9001
10.12.2025,Wed,Shift-II (02:00 PM to 05:00 PM),Civil Procedure Code and Limitation Act,BCL-9002
12.12.2025,Fri,Shift-II (02:00 PM to 05:00 PM),Law of Evidence,BCL-9003
17.12.2025,Wed,Shift-II (02:00 PM to 05:00 PM),Consumer Protection Law and Competition Act,BCL-9004
19.12.2025,Fri,Shift-II (02:00 PM to 05:00 PM),Drafting of Pleading and Conveyancing,BCL-9005
22.12.2025,Mon,Shift-II (02:00 PM to 05:00 PM),Bhartiya Nagrik Suraksha Sanhitya-2023 (New Course),BCL-9010
24.12.2025,Wed,Shift-II (02:00 PM to 05:00 PM),Bhartiya Sakshya Adhiniyam-2023 (New Course),BCL-9011
09.12.2025,Tue,Shift-I (10:00 AM to 01:00 PM),Guidence and Counselling,PG-412
11.12.2025,Thu,Shift-I (10:00 AM to 01:00 PM),Adulthood and Old Age,PG-413
13.12.2025,Sat,Shift-I (10:00 AM to 01:00 PM),Innovative Programmer of Education and Development,PG-414
18.12.2025,Thu,Shift-I (10:00 AM to 01:00 PM),Early Childhood Care and Education,PG-415
09.12.2025,Tue,2.00 P.M. to 3.30 P.M.,"Immunology, Serology, Immunohematology & Blood Banking Techniques",MM-31
11.12.2025,Thu,2.00 P.M. to 3.30 P.M.,Clinical Biochemistry & Basic Hematological Techniques.,MM-32
13.12.2025,Sat,2.00 P.M. to 3.30 P.M.,Computer Fundamentals & IT,MM-33
18.12.2025,Mon,9.00 A.M. to 10.30 ?.?.,Molecular Biology and General Regulation,MM-53
10.12.2025,Wed,9.00 A.M. to 10.30 ?.?.,Human and Clinical Genetics and Diseases,MM-54
12.12.2025,Fri,9.00 ?.?. to 10.30 ?.?.,General Component (Toxicology),MM-55
09.12.2025,Tue,2.00 P.M. to 3.30 P.M.,(German/French-1) Lanuage,AT-37
11.12.2025,Thu,2.00 P.M. to 3.30 P.M.,History and Culture of India,AT-33
13.12.2025,Sat,2.00 P.M. to 3.30 P.M.,E-Commerce in Tourism,AT-36
08.12.2025,Mon,2.00 P.M. to 3.30 P.M.,Tourism Law,AT-53
10.12.2025,Wed,2.00 P.M. to 3.30 P.M.,Entrepreneurship in Tourism and Hospitality,AT-56
12.12.2025,Fri,2.00 P.M. to 3.30 P.M.,Basic Accountancy,AT-57
09.12.2025,Tue,Shift-I (10:00 AM to 01:00 PM),Study of International Markets based on consumer Demographic Research & Analysis,BSCJD-301
11.12.2025,Thu,Shift-I (10:00 AM to 01:00 PM),Weight and Cost Estimation,BSCJD-302
13.12.2025,Sat,Shift-I (10:00 AM to 01:00 PM),Diamond and Diamond Grading,BSCJD-303
08.12.2025,Mon,Shift-I (10:00 AM to 01:00 PM),Retail of Jewellery,BSCJD-501
10.12.2025,Wed,Shift-I (10:00 AM to 01:00 PM),Basic Manufacturing Technology,BSCJD-502
12.12.2025,Fri,Shift-I (10:00 AM to 01:00 PM),Advanced Manufacturing Technology,BSCJD-503
09.12.2025,Tue,Shift-I (10:00 AM to 01:00 PM),History of Fashion,BDFD-301
09.12.2025,Tue,Shift-I (10:00 AM to 01:00 PM),History of Architechure of Interior Design,BDID-304
11.12.2025,Thu,Shift-I (10:00 AM to 01:00 PM),Interior Styling,BDID-305
09.12.2025,Tue,Shift-I (10:00 AM to 01:00 PM),Written and Verbal Communication,BDCD-306
09.12.2025,Tue,Shift-I (10:00 AM to 01:00 PM),History of Design,BDPD-304
11.12.2025,Thu,Shift-I (10:00 AM to 01:00 PM),Culture and Design Studies,BDPD-305
08.12.2025,Mon,Shift-I (10:00 AM to 01:00 PM),Interior Furnishings and Furnitures,BDID-504
10.12.2025,Wed,Shift-I (10:00 AM to 01:00 PM),Sustainability,BDID-507
08.12.2025,Mon,Shift-I (10:00 AM to 01:00 PM),Art and Visual Perception,BDCD-501
10.12.2025,Wed,Shift-I (10:00 AM to 01:00 PM),Communication Theory,BDCD-502
08.12.2025,Mon,Shift-I (10:00 AM to 01:00 PM),Behavioural Science II,BDPD-506
10.12.2025,Wed,Shift-I (10:00 AM to 01:00 PM),Product Semiotics,BDPD-507
09.12.2025,Tue,Shift-I (10:00 AM to 01:00 PM),Historic Costume Indian,BFD-301
09.12.2025,Tue,Shift-I (10:00 AM to 01:00 PM),Print Journalism-II (Editing & Layout),MJMC-301
11.12.2025,Thu,Shift-I (10:00 AM to 01:00 PM),Electronic Media-II (Television),MJMC-302
13.12.2025,Sat,Shift-I (10:00 AM to 01:00 PM),Advertising and Public Relations,MJMC-303
18.12.2025,Thu,Shift-I (10:00 AM to 01:00 PM),Online Journalism,MJMC-304
20.12.2025,Sat,Shift-I (10:00 AM to 01:00 PM),Enviornment Communication,MJMC-305
09.12.2025,Tue,Shift-I (10:00 AM to 01:00 PM),"Research Designs, Statistical Analysis and Report Writing",F-3001
11.12.2025,Thu,Shift-I (10:00 AM to 01:00 PM),"Testing, Measurement and Evaluation in Education",F-3002
13.12.2025,Sat,Shift-I (10:00 AM to 01:00 PM),System and Structure of Elementary Education,F-3003
13.12.2025,Sat,Shift-I (10:00 AM to 01:00 PM),System and Structure of Secondary and Higher Secondary Education,F-3005
18.12.2025,Thu,Shift-I (10:00 AM to 01:00 PM),Issue and Concerns of Elementary Education,F-3004
18.12.2025,Thu,Shift-I (10:00 AM to 01:00 PM),Issue and Concerns of Secondary and Senior/Higher Secondary Education,F-3006
09.12.2025,Tue,Shift-I (10:00 AM to 01:00 PM),Scientific Principles of Sports Training,MPCC-301
11.12.2025,Thu,Shift-I (10:00 AM to 01:00 PM),Sports Medicine,MPCC-302
13.12.2025,Sat,Shift-I (10:00 AM to 01:00 PM),Health Education and Sports Nutrition,MPCC-303
18.12.2025,Thu,Shift-I (10:00 AM to 01:00 PM),Yogic Science (Elective),MPEC-301
18.12.2025,Thu,Shift-I (10:00 AM to 01:00 PM),Physical Fitness and Wellness (Elective),MPEC-302
,,,,
,,,,
05-Dec-2025,Fri,Shift-I (10:00 AM to 01:00 PM),Fundamental of Quantitative Genetics,CJ-3522
05-Dec-2025,Fri,Shift-I (10:00 AM to 01:00 PM),Toxicology of Insecticides,CJ-3527
05-Dec-2025,Fri,Shift-I (10:00 AM to 01:00 PM),Plant Bacteriology,CJ-3531
08-Dec-2025,Mon,Shift-I (10:00 AM to 01:00 PM),Breeding for Stress Resistance & Climate Change,CJ-3523
08-Dec-2025,Mon,Shift-I (10:00 AM to 01:00 PM),Plant Resistance to Insects,CJ-3526
08-Dec-2025,Mon,Shift-I (10:00 AM to 01:00 PM),Chemicals in Plant Disease Management,CJ-3532
10-Dec-2025,Wed,Shift-I (10:00 AM to 01:00 PM),Hybrid Breeding,CJ-3524
10-Dec-2025,Wed,Shift-I (10:00 AM to 01:00 PM),Pests of Horticulture & Plantation Crops,CJ-3527
10-Dec-2025,Wed,Shift-I (10:00 AM to 01:00 PM),"Diseases of Fruits, Plantation & Ornamental Crops",CJ-3533
10-Dec-2025,Wed,Shift-I (10:00 AM to 01:00 PM),Human Resource Management,CJ-3503
12-Dec-2025,Fri,Shift-I (10:00 AM to 01:00 PM),Plant Biotechnology,CJ-3521
12-Dec-2025,Fri,Shift-I (10:00 AM to 01:00 PM),Computer Applications & Bioinformatics,CJ-3528
12-Dec-2025,Fri,Shift-I (10:00 AM to 01:00 PM),Computer Applications & Bioinformatics,CJ-3534
15-Dec-25,Mon,Shift-I (10:00 AM to 01:00 PM),Commercial Entomology,CO-7619
15-Dec-25,Mon,Shift-I (10:00 AM to 01:00 PM),Integrated Disease Management,CO-7620
11-Dec-2025,Thu,Shift-II (02:00 PM to 05:00 PM),History of Western Art,MFA-3001
11-Dec-2025,Thu,Shift-II (02:00 PM to 05:00 PM),Food Beverages,FST-3001
11-Dec-2025,Thu,Shift-II (02:00 PM to 05:00 PM),Seed Production Technology II,SST-3001
11-Dec-2025,Thu,Shift-II (02:00 PM to 05:00 PM),Production of Medicinal and Aromatic Crops,HORT-301
11-Dec-2025,Thu,Shift-II (02:00 PM to 05:00 PM),Bioprocess Engineering And Fermentation Technology,CPDBC-1131
11-Dec-2025,Thu,Shift-II (02:00 PM to 05:00 PM),Rubber Technology,PSC-3001
11-Dec-2025,Thu,Shift-II (02:00 PM to 05:00 PM),Medical Microbiology,AM-301
11-Dec-2025,Thu,Shift-II (02:00 PM to 05:00 PM),Molecular Immunology,MM-301
11-Dec-2025,Thu,Shift-II (02:00 PM to 05:00 PM),Strategic Management in Health Care,MHA-301
11-Dec-2025,Thu,Shift-II (02:00 PM to 05:00 PM),Introduction to Medicine,MHI-101
11-Dec-2025,Thu,Shift-II (02:00 PM to 05:00 PM),Srimad Bhagavad Gita,MYSC-301
11-Dec-2025,Thu,Shift-II (02:00 PM to 05:00 PM),Vaidik Sahitya,MJSC-301
13-Dec-2025,Sat,Shift-II (02:00 PM to 05:00 PM),Modern Art (Western),MFA-3002
13-Dec-2025,Sat,Shift-II (02:00 PM to 05:00 PM),Physiology of Fruits and Vegetables,FST-3002
13-Dec-2025,Sat,Shift-II (02:00 PM to 05:00 PM),Seed Physiology,SST-3002
13-Dec-2025,Sat,Shift-II (02:00 PM to 05:00 PM),Postharvest Management of Horticultural Produce,HORT-302
13-Dec-2025,Sat,Shift-II (02:00 PM to 05:00 PM),Molecular Biology,CPDBC-1132
13-Dec-2025,Sat,Shift-II (02:00 PM to 05:00 PM),Tyre Technology,PSC-3002
13-Dec-2025,Sat,Shift-II (02:00 PM to 05:00 PM),Molecular Immunology,AM-302
13-Dec-2025,Sat,Shift-II (02:00 PM to 05:00 PM),"Microbial Genetics, Molecular Biology and Genetics Engineering",MM-302
13-Dec-2025,Sat,Shift-II (02:00 PM to 05:00 PM),Management Information and Health Insurance System,MHA-302
13-Dec-2025,Sat,Shift-II (02:00 PM to 05:00 PM),Operational Research in Healthcare,MHI-102
13-Dec-2025,Sat,Shift-II (02:00 PM to 05:00 PM),Aahar Evan Poshan,MYSC-302
13-Dec-2025,Sat,Shift-II (02:00 PM to 05:00 PM),Gochar Prakaran,MJSC-302
15-Dec-2025,Mon,Shift-II (02:00 PM to 05:00 PM),Advertising and Marketing Research,MFA-3003
15-Dec-2025,Mon,Shift-II (02:00 PM to 05:00 PM),Properties of Food Engineering,FST-3003
15-Dec-2025,Mon,Shift-II (02:00 PM to 05:00 PM),Seed Testing and Quality Control,SST-3003
15-Dec-2025,Mon,Shift-II (02:00 PM to 05:00 PM),Clinical Biochemistry,CPDBC-1133
15-Dec-2025,Mon,Shift-II (02:00 PM to 05:00 PM),Polymer Blends and Composite,PSC-3003
15-Dec-2025,Mon,Shift-II (02:00 PM to 05:00 PM),Food and Dairy Microbiology,AM-303
15-Dec-2025,Mon,Shift-II (02:00 PM to 05:00 PM),Laboratory Diagnosis in Clinical Microbiology,MM-303
15-Dec-2025,Mon,Shift-II (02:00 PM to 05:00 PM),Healthcare Laws and Hospital Laws,MHA-303
15-Dec-2025,Mon,Shift-II (02:00 PM to 05:00 PM),Hospital Administration Procedure and Practices,MHI-103
15-Dec-2025,Mon,Shift-II (02:00 PM to 05:00 PM),Research Methodology in Yoga and Statistics,MYSC-303
15-Dec-2025,Mon,Shift-II (02:00 PM to 05:00 PM),Muhort Vigyan,MJSC-303
17-Dec-25,Wed,Shift-II (02:00 PM to 05:00 PM),Advertising and Business Organisation,MFA-3004
17-Dec-25,Wed,Shift-II (02:00 PM to 05:00 PM),Organizational Behaviour and Human Resource Development,MPA-3004
17-Dec-25,Wed,Shift-II (02:00 PM to 05:00 PM),Seed Processing and Storage,SST-3004
17-Dec-25,Wed,Shift-II (02:00 PM to 05:00 PM),Biophysics And Biochemical Technology,CPDBC-1134
17-Dec-25,Wed,Shift-II (02:00 PM to 05:00 PM),Fiber Technology,PSC-3004
17-Dec-25,Wed,Shift-II (02:00 PM to 05:00 PM),Industrial Microbiology,AM-304
17-Dec-25,Wed,Shift-II (02:00 PM to 05:00 PM),Biostatistics and Medico-Informatics,MM-304
17-Dec-25,Wed,Shift-II (02:00 PM to 05:00 PM),Hospital Operations-II Supportive services,MHA 304
17-Dec-25,Wed,Shift-II (02:00 PM to 05:00 PM),Hospital Information System,MHI-104
17-Dec-25,Wed,Shift-II (02:00 PM to 05:00 PM),Teaching Methods and Lesson plan in Yoga,MYSC-304
17-Dec-25,Wed,Shift-II (02:00 PM to 05:00 PM),Sanskrit Vyaakaran,MJSC-304
19-Dec-25,Fri,Shift-II (02:00 PM to 05:00 PM),Introduction to Clinical Discipline,MHA 305
19-Dec-25,Fri,Shift-II (02:00 PM to 05:00 PM),Epidemiology,MHI-105
20-Dec-25,Sat,Shift-II (02:00 PM to 05:00 PM),Business Policy & Strategic Analysis,MBA 301
22-Dec-25,Mon,Shift-II (02:00 PM to 05:00 PM),Entrepreneurship and Small Business Management,MBA 302
22-Dec-25,Mon,Shift-II (02:00 PM to 05:00 PM),Patient Party Management,MHA 306
22-Dec-25,Mon,Shift-II (02:00 PM to 05:00 PM),Taxation in Health care,MHI-106
24-Dec-25,Wed,Shift-II (02:00 PM to 05:00 PM),Sales and Distribution Management,MK-01
24-Dec-25,Wed,Shift-II (02:00 PM to 05:00 PM),Statistics and Research Methodology,MHI-107
26-Dec-25,Fri,Shift-II (02:00 PM to 05:00 PM),Performance and Reward Management System,HR-01
29-Dec-25,Mon,Shift-II (02:00 PM to 05:00 PM),Consumer Behavior,MK-02
31-Dec-25,Wed,Shift-II (02:00 PM to 05:00 PM),Security Analysis and Portfolio Management,FM-01
2-Jan-26,Fri,Shift-II (02:00 PM to 05:00 PM),Industrial Relations and Labour Law,HR-02
5-Jan-26,Mon,Shift-II (02:00 PM to 05:00 PM),Corporate Tax Laws and Planning,FM-02
7-Jan-26,Wed,Shift-II (02:00 PM to 05:00 PM),International Marketing,IB-01
9-Jan-26,Fri,Shift-II (02:00 PM to 05:00 PM),International Logistics Management,IB-02
